DATE,nber_recessions,real_personal_income_less_transfers,real_pce,real_gdp,real_gdi,real_avg_gdp_gdi,total_nonfarm_emp,emp_level,industrial_prod_index,real_manuf_trade_sales,log_real_personal_income_less_transfers,log_real_pce,log_real_gdp,log_real_gdi,log_real_avg_gdp_gdi,log_total_nonfarm_emp,log_emp_level,log_industrial_prod_index,log_real_manuf_trade_sales
1967Q1,0,3320.063,2715.303,4538.498,4498.858,4518.678,65455.0,73572.0,35.0,384861.0,,,,,,,,,
1967Q2,0,3337.162,2752.426,4541.28,4523.614,4532.447,65612.0,74001.0,35.0,386712.0,0.02054794615063485,0.05431662093680486,0.002451161327562485,0.021950580395850235,0.012169988257938377,0.009582889672707517,0.02325635223130108,0.0,0.019191999211557002
1967Q3,0,3374.102,2766.518,4584.246,4571.156,4577.701,66065.0,74714.0,35.0,389923.0,0.04403387862720802,0.020427140591714587,0.03766692900754917,0.04181958030537106,0.03973974712571873,0.027521999263763194,0.03835553713657151,0.0,0.033076215175384005
1967Q4,0,3400.459,2783.447,4618.812,4617.266,4618.039,66609.0,75216.0,36.0,399816.0,0.031124830656013493,0.024402391732944704,0.030047545102469046,0.04014651226891569,0.03509299630827719,0.032802390741473675,0.026785933485020823,0.1126835078667849,0.1002206301692072
1968Q1,0,3454.932,2850.153,4713.013,4685.771,4699.392,67105.0,75103.0,36.0,405296.0,0.06356941157868974,0.09473035746397433,0.08075950838482822,0.058910859544285155,0.06985193013966828,0.0296754131928824,-0.006013878287409131,0.0,0.05445289230947634
1968Q2,0,3506.04,2893.553,4791.758,4756.474,4774.116,67704.0,75950.0,37.0,408928.0,0.05873768016789096,0.06044992692436864,0.0662798097495806,0.05990467010088289,0.0631027490314565,0.035546822072142256,0.04485889732743765,0.10959589675245739,0.03568574829359308
1968Q3,0,3561.106,2947.784,4828.892,4821.033,4824.962,68313.0,76101.0,37.0,412915.0,0.06233590129975487,0.07427417139164465,0.030878732236946486,0.05392633203063351,0.04237613283386076,0.035819291387329914,0.007944705375956072,0.0,0.038810636858827456
1968Q4,0,3598.9,2961.081,4847.885,4853.675,4850.78,68984.0,76499.0,38.0,421082.0,0.04222828977151604,0.01800281095701325,0.01570194240440207,0.02699171808511718,0.0213466305939177,0.03909803374154326,0.02086505386342571,0.1066729883286451,0.07834331368845893
1969Q1,0,3630.988,2993.913,4923.76,4900.955,4912.357,69681.0,77166.0,39.0,420631.0,0.03550617734859564,0.04410729236244988,0.062119755638772825,0.03877573644557503,0.05045740238474733,0.04021236044626543,0.03472510664150932,0.10390194561304295,-0.004286497113955693
1969Q2,0,3671.621,3013.227,4938.728,4930.791,4934.759,70345.0,77605.0,39.0,423428.0,0.044513865486762776,0.025721480174898163,0.012141367567336062,0.02427734938526392,0.01819987793184112,0.03793609627034793,0.022691650364572442,0.0,0.026510092189851335
1969Q3,0,3724.9,3027.918,4971.349,4964.122,4967.736,70884.0,78153.0,39.0,427039.0,0.05762700763940078,0.019454628498165788,0.026333694739269886,0.026948090249924412,0.026641465130719594,0.030532121135687602,0.02814634297391658,0.0,0.03396742448148891
1969Q4,0,3749.671,3052.118,4947.104,4953.738,4950.421,71149.0,78575.0,39.0,430641.0,0.026512387866415004,0.03184208487690014,-0.019555507932697166,-0.008376003528461132,-0.013966318614055735,0.014926126040877622,0.021540555348017184,0.0,0.03359780969101639
1970Q1,1,3770.91,3071.056,4939.759,4920.319,4930.039,71311.0,78780.0,38.0,421314.0,0.022592995371093928,0.024742802194000536,-0.0059432411281555185,-0.02707630924627599,-0.016502898780977722,0.009097294388846744,0.010422299436514064,-0.10390194561304271,-0.08758558986107672
1970Q2,1,3769.604,3084.968,4946.77,4921.2,4933.985,71167.0,78636.0,38.0,419604.0,-0.0013855819516377442,0.018079232548313236,0.0056731750245231066,0.0007161496125565968,0.003200316796062248,-0.008085461560719001,-0.0073181907895989865,0.0,-0.01626795817910344
1970Q3,1,3801.814,3112.014,4992.357,4962.108,4977.233,70978.0,78616.0,38.0,422308.0,0.0340334603771197,0.03491528195440128,0.03669321836942343,0.03311298898415892,0.034908544633576635,-0.01063703184092422,-0.0010174751409375185,0.0,0.025693985096217883
1970Q4,1,3777.922,3103.565,4938.857,4915.506,4927.182,70574.0,78643.0,37.0,417037.0,-0.025216792910034466,-0.010874617092227852,-0.04309686009293086,-0.037743807988783164,-0.04042756775062071,-0.022832660617465497,0.0013735303042904355,-0.10667298832864518,-0.05023983503928971
1971Q1,0,3826.559,3163.139,5072.996,5013.517,5043.256,70844.0,78717.0,38.0,429718.0,0.05116737166864031,0.0760537529262198,0.1071905687449267,0.07897186547236998,0.0931387321882472,0.015273887514533763,0.0037620745020273314,0.1066729883286451,0.1198169308587233
1971Q2,0,3856.49,3192.21,5100.447,5046.287,5073.367,71179.0,78961.0,38.0,437461.0,0.031165909699215892,0.03659431167214803,0.021586451408626244,0.026060242058717802,0.023811178032143533,0.018870217995346328,0.012379669694597015,0.0,0.07143351749193202
1971Q3,0,3883.213,3217.661,5142.422,5089.04,5115.731,71434.0,79511.0,38.0,440219.0,0.027621841500936342,0.031764924756272114,0.032783967046555534,0.03374592932281433,0.033262409779236286,0.014304461543209801,0.027765268733130958,0.0,0.02513908557134118
1971Q4,0,3934.129,3271.05,5154.547,5153.41,5153.978,71866.0,80229.0,39.0,450493.0,0.05210642697036338,0.06582534479377915,0.009420252195842046,0.050277695266024144,0.029794165993153435,0.024117309627333758,0.03595867461489991,0.10390194561304295,0.09228083310793343
1972Q1,0,4001.525,3314.222,5249.337,5228.109,5238.723,72678.0,81213.0,41.0,460125.0,0.06794411192383784,0.05244748403802856,0.07289018062244186,0.05756405334029895,0.06523569060352145,0.04494180550744794,0.04876114941214746,0.20004168229864566,0.08462261224920434
1972Q2,0,4054.792,3377.314,5368.485,5295.166,5331.825,73463.0,81875.0,41.0,469850.0,0.05289541236511429,0.07543125489309833,0.08977585158822951,0.05097873629872714,0.07046325892011568,0.04297261138609119,0.032473444320067435,0.0,0.0836612125195551
1972Q3,0,4129.033,3429.362,5419.184,5381.869,5400.526,74038.0,82450.0,42.0,479498.0,0.07257539027240226,0.06117407611282551,0.03759801920044534,0.06496553088846932,0.051211100644671416,0.031186387221983067,0.027993420200768056,0.0963902063162421,0.0813049138969996
1972Q4,0,4255.611,3509.838,5509.926,5520.384,5515.155,74972.0,83002.0,43.0,504067.0,0.1207804334567185,0.09278257808313786,0.06642376934357364,0.10164684588908633,0.08401360497761912,0.05014494232799874,0.026690619544875876,0.09412198964077614,0.19987788976282667
1973Q1,0,4271.429,3573.918,5646.286,5618.943,5632.614,75972.0,83842.0,45.0,518084.0,0.014840336758544837,0.07237036170735095,0.09778716372788455,0.07078457935198898,0.08429550128648643,0.05300056341300523,0.040277485432848585,0.18184949630702965,0.10971278212300985
1973Q2,0,4307.063,3572.307,5707.755,5649.718,5678.737,76663.0,84797.0,45.0,513391.0,0.03323120656019456,-0.0018034696946048435,0.04331117039760787,0.0218482579338375,0.03262086421119697,0.03621736669774223,0.04530435825413747,0.0,-0.03639861272913184
1973Q3,0,4337.631,3584.881,5677.738,5667.916,5672.827,77119.0,85330.0,45.0,513156.0,0.02828845292080871,0.014054696270600766,-0.021091450003651285,0.012863477071876133,-0.004165065207920733,0.023721961555263408,0.02506371093968101,0.0,-0.0018313823262267358
1973Q4,0,4393.429,3574.188,5731.632,5727.532,5729.582,77853.0,86236.0,46.0,528332.0,0.051126676161793144,-0.01194904862829532,0.03778957179970522,0.041852882934042,0.039819984503377995,0.03789099907903696,0.04224652538906893,0.08791562687510067,0.11657992587934904
1974Q1,1,4309.075,3542.211,5682.353,5682.117,5682.235,78217.0,86709.0,46.0,525745.0,-0.07754700669498779,-0.03594763611989968,-0.034539597655040055,-0.03184339139483654,-0.03319174969304173,0.018658328186188882,0.021879842926462393,0.0,-0.01963427866673757
1974Q2,1,4260.137,3554.966,5695.859,5659.786,5677.823,78512.0,86834.0,46.0,523153.0,-0.04568777809655998,0.014377563059231175,0.009496048302311566,-0.015751168992189687,-0.00310702654640045,0.015057856471999389,0.0057622616465986855,0.0,-0.019769360042028238
1974Q3,1,4257.394,3570.236,5642.025,5629.119,5635.572,78622.0,87079.0,45.0,516673.0,-0.0025763335359280715,0.017144803336381166,-0.03798550386798157,-0.021732542129200057,-0.02987693538842193,0.005600316568976914,0.01127001027290743,-0.08791562687510092,-0.049855140276080435
1974Q4,1,4233.652,3518.05,5620.126,5562.075,5591.1,78182.0,86588.0,44.0,494846.0,-0.02236903380271398,-0.05889936485605885,-0.015555840158812298,-0.04792682680689001,-0.03169041198789736,-0.02244846584767087,-0.02261805907857551,-0.08989142340823451,-0.1726543047283665
1975Q1,1,4186.093,3547.557,5551.713,5498.836,5525.274,76953.0,85357.0,41.0,475233.0,-0.04518854745353893,0.03340935496431503,-0.04899021919322481,-0.04573922640940383,-0.04737283535309892,-0.06337838459263259,-0.057275106915297996,-0.28247026885581367,-0.1617655718830074
1975Q2,0,4192.303,3605.909,5591.382,5544.391,5567.887,76535.0,85332.0,40.0,470592.0,0.005929537001771407,0.06525876467279194,0.028479820072073888,0.03300141047833945,0.030731157406537493,-0.021786773344181443,-0.001171721677613147,-0.09877045036148609,-0.03925493403187476
1975Q3,0,4231.516,3657.158,5687.087,5657.136,5672.112,77050.0,86136.0,41.0,479823.0,0.037240385379864946,0.05644981720871563,0.06788672981205532,0.08052388394774636,0.07418362748088081,0.026825636889816706,0.03751164729613892,0.09877045036148566,0.07770323729271923
1975Q4,0,4276.405,3696.485,5763.665,5714.18,5738.923,77747.0,86497.0,42.0,484272.0,0.04220952831329004,0.04278410027020899,0.05350156332358764,0.04013219121728427,0.04684010763378964,0.03602161335914857,0.016729154968222252,0.0963902063162421,0.03691778574878527
1976Q1,0,4328.995,3770.391,5893.276,5832.79,5863.033,78789.0,87686.0,43.0,502236.0,0.048890840375009535,0.07918536598284567,0.08895393160221023,0.08217856071461799,0.08558193767776957,0.05325371242062228,0.05461008103959051,0.09412198964077614,0.14569358563179144
1976Q2,0,4383.369,3805.081,5936.515,5869.432,5902.974,79327.0,88591.0,44.0,509619.0,0.0499287733866691,0.03663427702564239,0.029240883498342408,0.025049683557072627,0.02715698089890511,0.027220626691143956,0.04107208320245858,0.09195807289879512,0.0583730358610529
1976Q3,0,4418.693,3845.144,5969.089,5914.149,5941.619,79714.0,89163.0,44.0,515628.0,0.03210537679674018,0.041895098501569056,0.02188823433494802,0.030358998445321195,0.026101453803557564,0.019466716825319762,0.02574353204451537,0.0,0.04688875018597562
1976Q4,0,4462.197,3895.034,6012.356,5932.679,5972.517,80200.0,89570.0,45.0,521265.0,0.0391891785478698,0.05156541973135247,0.028889462382082433,0.012513064331676245,0.020747165733350358,0.024313143129141023,0.018217148639965878,0.0898914234082343,0.043491897694164415
1977Q1,0,4485.256,3940.944,6083.391,5998.526,6040.959,81023.0,90359.0,46.0,536560.0,0.020617309574786906,0.04687152038359752,0.04698234290557932,0.04415156292288709,0.04557731033902376,0.04083820044362912,0.03508072883089819,0.08791562687510067,0.11567936845641089
1977Q2,0,4547.902,3962.314,6201.659,6139.214,6170.437,82101.0,91661.0,48.0,544493.0,0.055481818753736305,0.02163163807261203,0.07701826454150114,0.09273179421991351,0.0848275512466753,0.052868526675174436,0.05722545684396974,0.1702384576751836,0.05870677867143553
1977Q3,0,4603.613,3999.779,6313.559,6252.151,6282.855,83147.0,92409.0,48.0,550643.0,0.04870160904882268,0.03764364621986,0.07153082401716357,0.07291537441389553,0.07221933207073598,0.05063971584506675,0.03250955038358131,0.0,0.044926399286603844
1977Q4,0,4713.314,4059.918,6313.697,6288.213,6300.955,84128.0,93639.0,48.0,560593.0,0.0941993598718858,0.059694667087160855,8.742992143688315e-05,0.023005456240609477,0.011506856815026851,0.04691729173613831,0.052890347468186154,0.0,0.07163386300104292
1978Q1,0,4748.14,4082.726,6333.848,6325.827,6329.838,85001.0,94553.0,48.0,559313.0,0.02944676983590547,0.02240850480521576,0.012746199868050955,0.023855393822265435,0.01829373680260572,0.04129429031809797,0.03885424190451363,0.0,-0.009143628535772821
1978Q2,0,4825.083,4170.01,6578.605,6516.4,6547.503,86540.0,95835.0,50.0,585165.0,0.06429989721363424,0.08461412529088876,0.1516590657087157,0.11872519662126514,0.1352364487129682,0.0717748546789741,0.05386975551010081,0.1632879780810208,0.18073845539045355
1978Q3,0,4874.203,4187.52,6644.754,6563.753,6604.254,87436.0,96397.0,51.0,586914.0,0.04051466875721445,0.016760957479251132,0.04001981752871965,0.028961867262996936,0.034520925067773475,0.0412014494840684,0.02338847231154371,0.07921050918471892,0.011937770735114123
1978Q4,0,4926.336,4221.31,6734.069,6627.318,6680.694,88339.0,97400.0,52.0,596578.0,0.04255561187182097,0.03214733262669283,0.05340758413088543,0.03855061777201067,0.046031550043934465,0.04109835614467583,0.041404519392749334,0.07767234342840607,0.06532677737384948
1979Q1,0,4985.785,4243.173,6746.176,6679.662,6712.919,89114.0,98252.0,52.0,596830.0,0.04798142624312274,0.020663328044317256,0.00718503454814946,0.03146875998946985,0.01924801750317003,0.03493905101402311,0.03483758451117058,0.0,0.0016892798020155188
1979Q2,0,4949.286,4240.419,6753.389,6646.497,6699.943,89771.0,98371.0,52.0,597564.0,-0.029390158724624926,-0.002597013243202438,0.004274508511297919,-0.019909754023847523,-0.007739439381792263,0.029382137312182924,0.004841753590556972,0.0,0.004916301270100021
1979Q3,0,4961.685,4281.682,6803.558,6654.585,6729.072,90281.0,99041.0,52.0,596623.0,0.010008308141389618,0.03873535172470038,0.029605030699307394,0.004864567256616157,0.017352900825234583,0.02266018101173543,0.027151442567696676,0.0,-0.006303871636596182
1979Q4,0,4979.248,4292.335,6820.572,6680.643,6750.608,90575.0,99637.0,52.0,592513.0,0.014133899321912126,0.009939803461401046,0.009990514679266775,0.015632598507763957,0.012781323190932076,0.01300483297092268,0.023998702938651657,0.0,-0.027650437736742597
1980Q1,0,4966.622,4286.2,6842.024,6674.98,6758.502,90892.0,99862.0,52.0,588215.0,-0.010155778655878344,-0.0057212575768848155,0.012561019957576665,-0.0033921294959486123,0.004674771853066351,0.013975006913641817,0.009022605442605502,0.0,-0.029121145488118543
1980Q2,1,4927.404,4189.671,6701.046,6567.002,6634.024,90457.0,98953.0,50.0,559658.0,-0.03171061438206477,-0.09111339581466879,-0.08327984272397661,-0.0652351850611405,-0.07435883848069978,-0.019189555356412112,-0.03657697191831729,-0.15688285261312507,-0.19906657777311193
1980Q3,1,4927.623,4235.629,6693.082,6616.294,6654.688,90051.0,98899.0,49.0,569883.0,0.00017777729074527803,0.04363852285475506,-0.004756711859716634,0.02991193079571661,0.012440041837292033,-0.01799369267377415,-0.002183450309962981,-0.08081082927007786,0.07242077487914331
1980Q4,0,5025.969,4292.856,6817.903,6770.22,6794.062,90727.0,99499.0,51.0,592047.0,0.07904619797661783,0.05368161769778427,0.0739099636753637,0.09199275297056511,0.08290970676559242,0.02991528397818623,0.024193866034788628,0.16002133845479682,0.1526197880927687
1981Q1,0,5030.575,4307.237,6951.495,6818.901,6885.198,91116.0,100239.0,51.0,593077.0,0.003664082071989992,0.013377542223495438,0.07761919115811325,0.02865892988755136,0.05329957816458051,0.017113690090182623,0.029638962471211623,0.0,0.006952860691952271
1981Q2,0,5054.136,4307.55,6899.98,6821.736,6860.858,91356.0,100801.0,51.0,585204.0,0.01869050515626475,0.00029066301942266457,-0.02975292523876654,0.0016626789736103314,-0.014165532535658654,0.01052216837191503,0.022363766969560356,0.0,-0.05345493761965622
1981Q3,0,5150.799,4327.476,6982.609,6919.623,6951.116,91548.0,100482.0,52.0,581235.0,0.07577972116084879,0.018460660448012783,0.047616464487091684,0.056989213831987844,0.05227886168906905,0.008397851136066873,-0.012678676970333976,0.07767234342840607,-0.027221417102564417
1981Q4,1,5140.625,4297.875,6906.529,6848.681,6877.605,91149.0,100077.0,50.0,564558.0,-0.00790872346869562,-0.027454990491211587,-0.04382173231189792,-0.04122083755260849,-0.042526965399096804,-0.017471579034579594,-0.016154869160859956,-0.15688285261312507,-0.11644810404997913
1982Q1,1,5140.745,4329.533,6799.233,6794.507,6796.87,90521.0,99709.0,49.0,561331.0,9.337277036472787e-05,0.029355878004404912,-0.06262953755763043,-0.031766349462511535,-0.047233075116260514,-0.027654648603053025,-0.014735783936463572,-0.08081082927007786,-0.02292949899415758
1982Q2,1,5166.934,4342.721,6830.251,6819.127,6824.689,90041.0,99745.0,49.0,564477.0,0.020325861022864856,0.012165704709339179,0.018206443354944635,0.014467864695531069,0.016338240682623004,-0.021266983339170684,0.0014439419772347742,0.0,0.022355557529888295
1982Q3,1,5136.189,4371.833,6804.139,6792.63,6798.384,89356.0,99543.0,48.0,554864.0,-0.023872444311982908,0.026725047128985876,-0.015321276228617182,-0.015573027622460883,-0.015447341546051908,-0.030546924600857537,-0.008108870345568045,-0.08247714881094281,-0.06870640026180794
1982Q4,1,5133.349,4448.414,6806.857,6762.848,6784.853,88821.0,99120.0,47.0,548661.0,-0.0022123683245722212,0.06946102477228784,0.0015975318991366826,-0.017576391135426726,-0.007969237068137486,-0.024021129902351203,-0.017033897172380442,-0.08421363679132952,-0.04496909690167994
1983Q1,0,5164.995,4492.395,6896.561,6835.558,6866.06,88999.0,99143.0,48.0,560153.0,0.02458344728821509,0.039353355834822294,0.05236958040645201,0.042776009444164445,0.04759122438459296,0.008008100751481213,0.0009280602070247204,0.08421363679132905,0.08291678500462477
1983Q2,0,5206.875,4583.873,7053.5,6950.444,7001.972,89676.0,99945.0,49.0,576314.0,0.032302932920457154,0.08063322740907332,0.09000426388704767,0.06666974783938756,0.07840555982877935,0.0303121640887743,0.03222712923986754,0.08247714881094244,0.1137707614074873
1983Q3,0,5267.057,4666.07,7194.504,7046.807,7120.655,90604.0,101611.0,51.0,591124.0,0.04596757918209722,0.07109160664922543,0.0791738146760937,0.05507625600323228,0.06723156763069646,0.041180749794272366,0.06612704927112241,0.16002133845479682,0.10149263288991645
1983Q4,0,5397.849,4740.427,7344.597,7210.97,7277.783,91875.0,102588.0,52.0,611230.0,0.0981151133541533,0.06324016163178153,0.08259015864998857,0.09211548474515761,0.08730626914919304,0.05572238139311727,0.038276679326825255,0.07767234342840607,0.13379004457736604
1984Q1,0,5504.97,4779.767,7488.167,7407.687,7447.927,93086.0,103664.0,53.0,624787.0,0.07860311874965818,0.03305833803043746,0.07743640165233698,0.10765906886420486,0.09243782310325944,0.05237935801030271,0.04173573150201783,0.07619277988277764,0.08774988493403431
1984Q2,0,5607.691,4846.731,7617.547,7528.554,7573.05,94123.0,105040.0,54.0,633682.0,0.07395091115350302,0.05565062612556403,0.06852144233980009,0.06473898666971341,0.06664061550147346,0.04431456207503402,0.05274532114775766,0.07476853204861018,0.05654583866924028
1984Q3,0,5704.092,4882.676,7690.985,7607.976,7649.48,95055.0,105363.0,55.0,635312.0,0.06817905462916804,0.029555892596856717,0.038377847517936124,0.041976716660678454,0.040167116634973,0.0394129355570199,0.012281203356856438,0.07339655467278647,0.010275861959588767
1984Q4,0,5757.763,4945.926,7754.117,7691.551,7722.834,95906.0,105944.0,55.0,641429.0,0.03746087681463297,0.051483108704596055,0.03270025751908416,0.0437011320957116,0.03817489378489608,0.035651494642951816,0.02199648716363361,0.0,0.03832913209647896
1985Q1,0,5792.0,5029.959,7829.26,7756.94,7793.1,96572.0,106615.0,55.0,645558.0,0.0237144954623027,0.06739050233123403,0.03857627645554649,0.03386189136732964,0.03622932675882421,0.027681196102318634,0.025254248614136336,0.0,0.025666236980912735
1985Q2,0,5816.447,5076.136,7898.194,7812.177,7855.186,97270.0,106791.0,55.0,650775.0,0.016847756563256697,0.036554037033723154,0.03506451403289539,0.02838297471236691,0.03174089521852543,0.028807091005765114,0.006597754136353787,0.0,0.0321956050808946
1985Q3,0,5850.522,5172.55,8018.809,7906.89,7962.85,97844.0,107186.0,55.0,655711.0,0.023365175231753153,0.07526181941191946,0.060623125466650926,0.04820344424159586,0.05445210145492016,0.023535026945140137,0.014767959123831555,0.0,0.03022473098325476
1985Q4,0,5920.912,5183.741,8078.415,7951.151,8014.783,98428.0,108023.0,55.0,656738.0,0.04783841221077462,0.008644797142832516,0.02962313125646063,0.022328667170511286,0.026002941931981546,0.023803771234478535,0.03111409728218543,0.0,0.006260054049286331
1986Q1,0,5971.139,5229.041,8153.829,8029.722,8091.776,98838.0,108735.0,55.0,663536.0,0.03378882156701874,0.034803598722023356,0.03716777180245956,0.03933283649668901,0.03824210320904185,0.016627319066585933,0.026278248028643977,0.0,0.0411918136750264
1986Q2,0,6042.824,5286.019,8190.552,8052.161,8121.357,99175.0,109206.0,55.0,673158.0,0.04773502348677051,0.04335005805330913,0.01797464794566439,0.011162381699620734,0.014596084704148462,0.013615280829974723,0.017289109741498748,0.0,0.05758784701618546
1986Q3,0,6087.386,5379.527,8268.935,8102.679,8185.807,99665.0,109970.0,55.0,683852.0,0.029389235942660814,0.07014016606842585,0.038097708654005344,0.02501698050613884,0.03161817006510483,0.01971438309734086,0.027886377866070167,0.0,0.06304579265061536
1986Q4,0,6124.036,5412.515,8313.338,8166.672,8240.005,100313.0,110492.0,56.0,688462.0,0.024010379819849683,0.024453650377231573,0.02142196362482607,0.031466936828443995,0.02639659905417656,0.025922942243439388,0.018942075296174834,0.07207402201071285,0.02687441702778344
1987Q1,0,6161.246,5417.904,8375.274,8251.177,8313.226,100920.0,111206.0,57.0,691743.0,0.024230694117579853,0.0039806404127090715,0.029690322652054908,0.04117749957500952,0.035387159187013496,0.024131304149072687,0.02576486819403963,0.07079830839760343,0.019017500619578426
1987Q2,0,6204.271,5491.837,8465.63,8382.813,8424.221,101709.0,112158.0,58.0,698682.0,0.02783558415104623,0.05421513256351636,0.042922573284498215,0.06331072607838817,0.053053074165556824,0.031150683765504776,0.03409701705141161,0.06956697084747696,0.039924814975161975
1987Q3,0,6270.814,5554.512,8539.075,8504.808,8521.941,102438.0,112867.0,59.0,707197.0,0.042672979694644335,0.04539105006549208,0.03455300480715394,0.057792449120665876,0.04613249096339173,0.02856777121167352,0.02520617162234213,0.06837773343720016,0.04845426454440701
1987Q4,0,6381.121,5566.263,8685.694,8618.546,8652.12,103390.0,113527.0,60.0,711196.0,0.06975046588689979,0.00845337082967197,0.06809846508392589,0.053138969266620366,0.06064098329538804,0.03700203232580119,0.023322238919667795,0.06722847326552477,0.022555162615709435
1988Q1,0,6433.604,5664.593,8730.569,8721.42,8725.995,104152.0,114093.0,61.0,722133.0,0.03276436658034833,0.07004453633448783,0.020612963553857905,0.047462702984723194,0.034008496323497915,0.029372499985976654,0.01989284479622707,0.06611720780484202,0.06104509027020324
1988Q2,0,6485.764,5706.414,8845.28,8821.826,8833.553,105007.0,114623.0,61.0,732502.0,0.03229896905713414,0.029423032502118973,0.05221375254986109,0.04578723747831266,0.04900324095347492,0.03270257602788222,0.018538307723776053,0.0,0.05702695523382051
1988Q3,0,6553.05,5757.12,8897.107,8901.646,8899.376,105746.0,115233.0,61.0,736301.0,0.04128387584195431,0.03538617720705398,0.02336873720965137,0.03602930155522479,0.02969539992465568,0.02805191019933374,0.02123073340006638,0.0,0.02069172501155574
1988Q4,0,6620.378,5822.579,9015.661,9022.927,9019.294,106597.0,115947.0,62.0,749275.0,0.04088751158135362,0.04522376429262131,0.052948033967755576,0.05413031634305315,0.053539594322804265,0.032061506378863285,0.024708098287349465,0.0650420834871213,0.06986827929735757
1989Q1,0,6713.77,5849.592,9107.314,9078.216,9092.765,107403.0,116835.0,62.0,750582.0,0.056032692710024125,0.018514497930205247,0.04045860302187294,0.024435659977206835,0.03245192741074774,0.030130983595697908,0.030517971577658336,0.0,0.006971333031513085
1989Q2,0,6704.286,5876.896,9176.827,9062.301,9119.564,107910.0,117205.0,62.0,748639.0,-0.005654471306028474,0.01862726459462808,0.03041470087661059,-0.007018544877498425,0.011771814287836751,0.018837726920407572,0.012647421235717571,0.0,-0.010368056946070686
1989Q3,0,6741.359,5933.79,9244.816,9099.817,9172.317,108186.0,117494.0,62.0,749059.0,0.022058053116035824,0.03853760235932061,0.02952583923311752,0.016524968445913342,0.023071720728249406,0.01021768658657575,0.009850920406694415,0.0,0.0022434429959029708
1989Q4,0,6793.284,5959.58,9263.033,9109.922,9186.478,108688.0,117774.0,62.0,749779.0,0.03069176172730513,0.017347507340704903,0.007874283341292747,0.004439383139865751,0.006170776593338374,0.01851769770663928,0.009521061332566656,0.0,0.0038429773218017385
1990Q1,0,6815.9,6009.735,9364.259,9197.01,9280.634,109419.0,119114.0,62.0,756647.0,0.01329456391750455,0.03352258240583595,0.0434747021596884,0.03805712806237999,0.04078897269476435,0.026812628191658833,0.045253935791951166,0.0,0.03647333535679044
1990Q2,0,6865.038,6028.041,9398.243,9248.078,9323.161,109787.0,118995.0,63.0,759245.0,0.028733825883341654,0.012165711746957754,0.014490194181533777,0.02214925967783885,0.01828748341934781,0.013430301933884132,-0.003998169238712916,0.06400136538576448,0.013710752711501848
1990Q3,0,6857.139,6051.922,9404.494,9241.309,9322.902,109651.0,118712.0,63.0,758905.0,-0.004605100705211431,0.015815300831920686,0.002659612897971179,-0.002928815456096169,-0.00011112265362036496,-0.004958120923921248,-0.009524334873002383,0.0,-0.0017916543460628049
1990Q4,1,6771.613,6005.882,9318.876,9198.276,9258.576,109255.0,118361.0,62.0,740363.0,-0.05020393516273192,-0.03054634077272148,-0.03658255827922329,-0.01866986838312871,-0.027694785945082012,-0.014471980922085438,-0.011844461628947707,-0.06400136538576476,-0.09894399363366992
1991Q1,1,6720.508,5983.298,9275.276,9179.178,9227.227,108783.0,117782.0,61.0,728912.0,-0.030302274583036467,-0.01506960556889411,-0.01875862041243094,-0.008313668204524506,-0.013566748515944266,-0.01731810922116326,-0.019615272450612724,-0.06504208348712116,-0.06235038018701869
1991Q2,0,6748.429,6032.885,9347.597,9206.043,9276.82,108312.0,117729.0,61.0,744802.0,0.01658396055756403,0.03301366597625101,0.031067757833253287,0.011689832445583338,0.021440982610163407,-0.0173564840829181,-0.001800340566503024,0.0,0.08626159931027998
1991Q3,0,6769.504,6062.964,9394.834,9231.669,9313.252,108308.0,117660.0,62.0,753268.0,0.012472331132300882,0.019893807868055283,0.020162635260018352,0.011118957276651721,0.015678065858323098,-0.00014772412521313317,-0.002345054423997643,0.0650420834871213,0.04521065171890057
1991Q4,0,6798.081,6059.93,9427.581,9263.843,9345.712,108332.0,117679.0,62.0,750288.0,0.01685018653476447,-0.0020021622317870297,0.01391831304973559,0.013916471175724768,0.013917185432322055,0.0008862629282931297,0.0006458768004041518,0.0,-0.015855765409568612
1992Q1,0,6881.644,6173.393,9540.444,9422.624,9481.534,108347.0,117958.0,62.0,759768.0,0.048868841666607515,0.0742014274824196,0.04760193303519414,0.06797853079154881,0.057713956164092535,0.0005538146298978335,0.009472201067850131,0.0,0.0502239627958998
1992Q2,0,6952.842,6215.3,9643.893,9501.151,9572.522,108627.0,118407.0,63.0,765744.0,0.04117167986349151,0.027061553525839756,0.043139360073337046,0.03319737240103358,0.03820234037789919,0.010323823331130263,0.015196853682157096,0.06400136538576448,0.031339146826205394
1992Q3,0,6982.946,6281.923,9739.185,9531.253,9635.219,108892.0,118753.0,64.0,774452.0,0.0172815756532837,0.04264859874784188,0.03933029325090937,0.01265295759810754,0.02611331449079804,0.009746279859908826,0.011671453718497288,0.06299342787255645,0.04523108896627681
1992Q4,0,7044.289,6356.796,9840.753,9620.988,9730.871,109305.0,118834.0,64.0,785518.0,0.034985307397841815,0.04739333212864607,0.0414991757511907,0.037483094180089126,0.03951351163922033,0.015142297766163866,0.0027274220605756757,0.0,0.05675076122140023
1993Q1,0,7011.366,6381.168,9857.185,9587.601,9722.393,109943.0,119297.0,65.0,793709.0,-0.018738684300973658,0.015306703483122524,0.006673593474245297,-0.013905043674696181,-0.003486510248049663,0.023279639525133334,0.015554483319947352,0.06201674614386102,0.04149409022333258
1993Q2,0,7067.596,6439.211,9914.565,9703.129,9808.847,110539.0,119960.0,65.0,797389.0,0.03195138902005733,0.03621945752524698,0.02321702877748269,0.047910838495860454,0.03541180781157129,0.02162540077421408,0.022168687128561716,0.0,0.01850297875757188
1993Q3,0,7077.44,6510.874,9961.873,9722.562,9842.217,111241.0,120626.0,65.0,803939.0,0.005567466404030693,0.04427074047492294,0.019040872144983453,0.008003012704174122,0.013585028098504193,0.02532247612904895,0.02214598359767596,0.0,0.03272302253992011
1993Q4,0,7146.08,6568.028,10097.362,9911.347,10004.355,112015.0,121152.0,66.0,817174.0,0.03860677685800643,0.03495973213370348,0.05403638194841066,0.07692439370743086,0.06535803050626171,0.02773508800575229,0.017404423226521467,0.06106988852315352,0.06531460330610225
1994Q1,0,7172.979,6643.151,10195.338,9966.22,10080.779,112872.0,121994.0,67.0,830831.0,0.015028379527816493,0.045491055535604744,0.03862542148251743,0.022084449023205277,0.030440172846920428,0.030486569647855715,0.027703630436552107,0.06015150945816201,0.06629743303304654
1994Q2,0,7276.282,6694.839,10333.495,10120.974,10227.235,113916.0,122596.0,68.0,842019.0,0.057195871876977326,0.03100212775356117,0.053840015489874556,0.061634118466398456,0.057694874188949995,0.03682760550722089,0.019690133385822636,0.05926034314056273,0.05350469827893823
1994Q3,0,7311.836,6745.887,10393.898,10214.985,10304.441,114920.0,123245.0,69.0,856162.0,0.019497550209488342,0.03038421909993157,0.023313369313191872,0.0369834222095066,0.030082829635129926,0.03509959769370841,0.021119390424512555,0.058395197684610524,0.06662812505531064
1994Q4,0,7404.66,6818.819,10512.962,10337.146,10425.054,115834.0,124450.0,71.0,874159.0,0.050460506907993787,0.04301321549072048,0.04556027532194497,0.04755222266954979,0.04654792067348344,0.03168759041907831,0.038919138660086616,0.11429348977622379,0.08321068293707722
1995Q1,0,7461.147,6835.791,10550.251,10380.411,10465.331,116701.0,124849.0,71.0,881553.0,0.03039849601900331,0.00994360658571086,0.01416271637412119,0.016706627289901813,0.015424148442117088,0.029827906080919023,0.012803913074280752,0.0,0.033691374045204184
1995Q2,0,7501.846,6895.718,10581.723,10440.86,10511.292,117133.0,124629.0,72.0,880215.0,0.021759871366871353,0.03491379161026884,0.011914466019579321,0.023225928844630005,0.017528492951064976,0.014779732339728093,-0.007054732105508506,0.05594496789895948,-0.006075716018212198
1995Q3,0,7570.994,6958.21,10671.738,10569.551,10620.645,117632.0,124934.0,72.0,888998.0,0.036700972133633485,0.03608647242820778,0.03388268413546523,0.04900146290325579,0.04139856222778569,0.017004263888588167,0.009777095221685843,0.0,0.0397151599173802
1995Q4,0,7647.899,7006.747,10744.203,10638.489,10691.346,118174.0,125221.0,73.0,900969.0,0.040426411887146976,0.02780513850124136,0.027069658647962794,0.026004569136743795,0.026539522980962526,0.018388029294697576,0.009178313475193857,0.05517328852934308,0.053503460034101835
1996Q1,0,7725.1,7071.369,10824.674,10757.109,10790.892,118681.0,125542.0,73.0,902768.0,0.040175192355554695,0.03672221702113193,0.029847218610492846,0.044353503137906286,0.03707126325272669,0.01712442715931684,0.010240750839142982,0.0,0.007978992930882438
1996Q2,0,7822.36,7147.441,11005.217,10913.576,10959.396,119472.0,126280.0,75.0,917064.0,0.05004612650072087,0.04280117721739818,0.06616510052899365,0.05776272195853811,0.061978902084022444,0.026571251546700748,0.02344519899996477,0.10811468955167768,0.06284665435937148
1996Q3,0,7899.031,7190.713,11103.935,11014.26,11059.097,120206.0,127218.0,76.0,926784.0,0.03901517765187799,0.02414376711303379,0.03572046762814702,0.036733112224150544,0.0362247067166108,0.024499613469134426,0.02960194655471023,0.05298090700008289,0.042173064329838486
1996Q4,0,7968.469,7247.987,11219.238,11150.408,11184.823,120919.0,127840.0,77.0,939363.0,0.0350091410794568,0.03173377126721919,0.04132173339535954,0.04914116913606152,0.045217691440727494,0.023655849143597002,0.01950932675798372,0.0522883262694108,0.05392582907363918
1997Q1,0,8073.965,7324.388,11291.665,11273.577,11282.621,121676.0,128496.0,78.0,962297.0,0.05260923410936819,0.041943307135150994,0.02573943832204322,0.043942319332629466,0.034823228733585274,0.024963497417520453,0.02047317371256702,0.05161361934363113,0.09648459540813155
1997Q2,0,8165.559,7357.362,11479.33,11419.384,11449.357,122550.0,129340.0,80.0,976493.0,0.04512199804548837,0.017967370615657972,0.0659327355546584,0.05140237327846455,0.0586799759326713,0.02862934269285123,0.026187282289361794,0.10127123193715915,0.0585777880227141
1997Q3,0,8287.373,7482.713,11622.911,11601.921,11612.416,123260.0,129950.0,81.0,995908.0,0.05923137632173158,0.06757592873067465,0.049720838327878006,0.06343370212869381,0.05656519724464539,0.023107342239901865,0.018820660276210377,0.04969007999422844,0.07874920803241978
1997Q4,0,8436.305,7572.147,11722.722,11759.065,11740.893,124235.0,130504.0,83.0,1003646.0,0.07124554171036912,0.04752488010635148,0.034203093364961926,0.053814978628275806,0.0440120228553028,0.03151595123517626,0.01701646618600889,0.09756581249663705,0.030959058382135213
1998Q1,0,8636.071,7648.741,11839.876,11881.798,11860.837,124999.0,130782.0,84.0,1018559.0,0.09361326991586237,0.04025764937309214,0.039776586743606644,0.04153286710859057,0.04065635276837792,0.024523215709639175,0.00851174896171585,0.04790476418686248,0.05899805551660776
1998Q2,0,8780.845,7783.43,11949.492,12049.286,11999.389,125791.0,131259.0,85.0,1029003.0,0.06649964182564376,0.06982422375527789,0.03686244234251464,0.055991023140086735,0.046455069559284384,0.025264249225653394,0.014562622699844766,0.04733783058801119,0.04080595586658128
1998Q3,0,8891.75,7884.929,12099.191,12214.32,12156.755,126500.0,131568.0,86.0,1032128.0,0.050204944292182384,0.05182440346306678,0.049799295398773986,0.05441451532763814,0.05211700218909496,0.022482034363442493,0.009405430716592377,0.046784159052764944,0.012129272305423053
1998Q4,0,8979.77,7998.842,12294.737,12331.554,12313.145,127258.0,132294.0,87.0,1056961.0,0.03940155586770204,0.05737426106755971,0.06413077506692073,0.038209237587530656,0.051129634162448236,0.023896854625103044,0.0220115615601526,0.04624328960430402,0.09510047581409647
1999Q1,0,9064.356,8080.996,12410.778,12503.636,12457.207,128019.0,132943.0,88.0,1072882.0,0.03750211879277223,0.04087340424160242,0.037576015997269535,0.05543255485192969,0.04652776006404409,0.023848674320043697,0.019574985246489256,0.0457147832944914,0.059802704922996726
1999Q2,0,9092.894,8204.75,12514.408,12566.361,12540.384,128832.0,133215.0,89.0,1086393.0,0.012573720579503908,0.06079249035532908,0.03326132759749126,0.02001599948693677,0.026619303266267227,0.025322158453859194,0.00817559779350771,0.04519822101573386,0.0500581957695231
1999Q3,0,9177.164,8296.988,12679.977,12692.367,12686.172,129591.0,133571.0,89.0,1098903.0,0.03689998033620012,0.044717210093729545,0.05257405839408456,0.03990922909117896,0.04623369850994339,0.023496428180106322,0.01067522917399729,0.0,0.045797499868710054
1999Q4,0,9327.54,8418.349,12888.281,12880.228,12884.255,130475.0,134275.0,91.0,1115554.0,0.065012360229804,0.058084683570345366,0.06517725494994586,0.05877053290994411,0.06197376756069182,0.02719320186849674,0.021027056477786202,0.08889254713884102,0.060154932137343714
2000Q1,0,9537.793,8545.639,12935.252,13135.145,13035.199,131245.0,136619.0,92.0,1120434.0,0.08916320991592512,0.0600294643090653,0.014551394435748865,0.07839215960763439,0.04658916238289358,0.023536671914075782,0.0692243756514205,0.04371628212876092,0.017459870976747543
2000Q2,0,9641.157,8625.435,13170.749,13222.257,13196.503,132017.0,136947.0,93.0,1130206.0,0.043116020759737424,0.0371772083327203,0.07216835336952337,0.02644033495663084,0.04919422556957081,0.023459586658863857,0.009591839838940191,0.043243664416862705,0.03473522698460084
2000Q3,0,9766.499,8708.074,13183.89,13340.329,13262.109,132271.0,136695.0,93.0,1130336.0,0.0516677512185192,0.03814097936355125,0.003988975478375546,0.03556062731229192,0.019836606532492782,0.007688584520018768,-0.0073672921916535395,0.0,0.0004600666570873829
2000Q4,0,9822.741,8784.155,13262.25,13338.31,13300.28,132541.0,137341.0,93.0,1127326.0,0.022968590730586144,0.03479555624740799,0.023704095741408415,-0.0006054281866039896,0.01149626301314235,0.008156732884039126,0.01885887099905759,0.0,-0.010665907592720684
2001Q1,0,9897.689,8816.014,13219.251,13489.485,13354.368,132745.0,137724.0,92.0,1120175.0,0.030404351569471643,0.014481240400381186,-0.012989909534007067,0.04508058903427841,0.016233738818019455,0.006151852422234333,0.011139192482268958,-0.04324366441686247,-0.025454134637064914
2001Q2,1,9840.752,8833.726,13301.394,13464.255,13382.825,132388.0,137088.0,90.0,1105351.0,-0.02307665855501461,0.008028222940726464,0.024778662111314523,-0.00748838784338851,0.00851458438294725,-0.010771958700055463,-0.01851450840521079,-0.08791562687510092,-0.053287966047398654
2001Q3,1,9801.201,8864.465,13248.142,13389.82,13318.981,131987.0,136719.0,89.0,1100887.0,-0.016108806880590184,0.013894767396025291,-0.016046102323569476,-0.022174717432731982,-0.01912803101429145,-0.012134288265344871,-0.010781323293935406,-0.044693202392500755,-0.016186852340783753
2001Q4,1,9731.115,9007.494,13284.881,13282.292,13283.586,131193.0,136226.0,88.0,1117776.0,-0.02870578206639462,0.06402523805220674,0.011077222065330657,-0.03225198890873041,-0.010644091868615342,-0.024135645839359635,-0.014449813292200324,-0.04519822101573358,0.06089911349061882
2002Q1,0,9732.66,9027.548,13394.91,13445.293,13420.102,130768.0,136105.0,89.0,1117204.0,0.0006350258377918984,0.00889557485481621,0.032992649392805426,0.04878944981423317,0.040898377574312375,-0.012979042617284435,-0.003554498252856563,0.04519822101573386,-0.002047445659428932
2002Q2,0,9757.434,9073.212,13477.356,13571.149,13524.252,130644.0,136360.0,90.0,1130482.0,0.010168863564260647,0.020182178814287452,0.02454463905382291,0.03726824144702273,0.030923144406533626,-0.003794776346922603,0.0074872023768864475,0.04469320239250102,0.04725981995518465
2002Q3,0,9753.158,9136.709,13531.741,13609.13,13570.435,130556.0,136807.0,91.0,1134533.0,-0.0017533040795323983,0.027895676143014907,0.016108668424315558,0.011178994806126809,0.013636044505920911,-0.0026952527819145513,0.013090904801088517,0.04419934474633974,0.01430808827105202
2002Q4,0,9793.902,9187.527,13549.421,13708.832,13629.126,130570.0,136652.0,91.0,1131514.0,0.016675268406646716,0.022186193315207218,0.005222819467447169,0.02919762248369044,0.017262364224187355,0.0004289117135300675,-0.004534501087162337,0.0,-0.010658214189564724
2003Q1,0,9747.958,9232.782,13619.434,13701.447,13660.441,130418.0,137444.0,91.0,1131328.0,-0.018808479705218466,0.019654432963664613,0.020615710151748148,-0.002155395843636862,0.009180069070336088,-0.004659218575129928,0.023116052892427717,0.0,-0.0006575801595302243
2003Q2,0,9854.799,9338.495,13741.107,13814.441,13777.774,130188.0,137656.0,91.0,1140859.0,0.04360286992369625,0.04553877120969867,0.03557643164411897,0.03285218639025079,0.03421030565084052,-0.0070604685914029755,0.00616503211826222,0.0,0.033557294007382575
2003Q3,0,9927.126,9470.541,13970.157,13963.184,13966.671,130196.0,137544.0,91.0,1161290.0,0.029249862099766634,0.05616371593872554,0.06612624135704223,0.042838629059836215,0.05446853778893026,0.0002457908320796291,-0.0032558141332417784,0.0,0.07099987504008312
2003Q4,0,10040.838,9535.741,14131.379,14080.614,14105.997,130505.0,138273.0,92.0,1168931.0,0.04555826693004732,0.027443665524318473,0.045897496531752416,0.03349922470612413,0.03970471035217374,0.009482131474760794,0.021144503712075394,0.04371628212876092,0.02623279898889475
2004Q1,0,10038.982,9624.649,14212.34,14200.007,14206.174,130909.0,138489.0,93.0,1177577.0,-0.0007394488617069802,0.03712184902869967,0.022851262444023728,0.03377399932479003,0.02830653094347923,0.012363540487864996,0.006243632980129756,0.043243664416862705,0.029477126445465438
2004Q2,0,10145.991,9677.166,14323.017,14360.92,14341.968,131631.0,138902.0,93.0,1187977.0,0.04241174957804377,0.021766711407715415,0.031028889526453406,0.04507268342165104,0.03805362160992155,0.022000512535249955,0.011910993656522225,0.0,0.035171691727771966
2004Q3,0,10257.404,9790.836,14457.832,14535.273,14496.552,131956.0,139539.0,94.0,1198626.0,0.04368453675912518,0.04671102530678685,0.037473803787801616,0.048270750655776816,0.04288305518784009,0.00986392089732206,0.018301934307141728,0.0427811564669918,0.035696161187878404
2004Q4,0,10403.559,9901.58,14605.595,14614.116,14609.856,132525.0,140029.0,95.0,1215665.0,0.056592691439889514,0.044989976844043246,0.04067359934599385,0.021638379389657684,0.03114216562153449,0.017211092754946734,0.014021647735258583,0.042328437322148034,0.056461405547955874
2005Q1,0,10320.246,9964.496,14767.846,14741.398,14754.622,132988.0,140428.0,96.0,1230881.0,-0.03216144866463184,0.02533614000027639,0.04419030108455063,0.03468726117673257,0.03944008072445955,0.013950366853612775,0.011381431569018293,0.04188519946918175,0.04975568394960018
2005Q2,0,10425.745,10074.922,14839.707,14882.417,14861.062,133714.0,141526.0,97.0,1246248.0,0.0406825239305515,0.044083962004660075,0.01941697542085953,0.038082891136288176,0.02875245651689166,0.021777168322344796,0.03115417551838732,0.04145114814218663,0.04962905729256355
2005Q3,0,10490.363,10158.513,14956.291,14995.25,14975.77,134448.0,142287.0,96.0,1252507.0,0.024715192933445845,0.03305082921563626,0.03130208156261811,0.03021214110480254,0.030756231799122645,0.021897266072012762,0.021450795383433797,-0.04145114814218619,0.02003882122176284
2005Q4,0,10607.382,10177.238,15041.232,15223.572,15132.402,134935.0,142600.0,97.0,1263219.0,0.044372590533118504,0.007366339327050235,0.022652864243217066,0.060446127230388544,0.041618843695501666,0.014462695286628566,0.008789453388632134,0.04145114814218663,0.034064328911407565
2006Q1,0,10845.139,10288.217,15244.088,15459.919,15352.004,135732.0,143449.0,98.0,1283235.0,0.08866714934059547,0.043382407219383884,0.05358610279014658,0.06162315089835999,0.05763098649016333,0.023556689318898386,0.023744253411283833,0.041026000668756245,0.06288403323106491
2006Q2,0,10908.432,10341.556,15281.525,15519.378,15400.451,136262.0,144068.0,99.0,1279340.0,0.023276427985908274,0.02068432603980384,0.0098113066609428,0.01535453125645395,0.012603101789259951,0.015588598889483132,0.017223356013524697,0.04060948585607163,-0.01215965347198961
2006Q3,0,10912.652,10407.966,15304.517,15579.212,15441.865,136678.0,144547.0,99.0,1279602.0,0.0015471275588728234,0.02560453267678694,0.0060137246475353645,0.015392099469878998,0.01074213100990432,0.012193165446629729,0.013277215385004856,0.0,0.0008190885167871985
2006Q4,0,11089.588,10507.248,15433.643,15611.507,15522.575,137057.0,145606.0,99.0,1290099.0,0.06433520014728689,0.03797532101281185,0.033606893729897586,0.008283236187214292,0.020852353934546135,0.011076413090875327,0.02919851808834665,0.0,0.0326794701380182
2007Q1,0,11174.252,10572.053,15478.956,15609.619,15544.288,137604.0,146135.0,100.0,1301810.0,0.030422212201091186,0.024594820927367683,0.0117267480368463,-0.0004837749932018967,0.005591296046965492,0.015932388600704412,0.014506033221647912,0.040201343414006024,0.036146576732939646
2007Q2,0,11256.497,10599.795,15577.779,15686.201,15631.99,137969.0,145851.0,102.0,1308558.0,0.029333079719358286,0.010482605345452136,0.025456206787199013,0.019576327537120825,0.02250486253563599,0.010596109588217864,-0.007781197442593854,0.07921050918471892,0.020680655084637563
2007Q3,0,11256.592,10670.506,15671.605,15556.02,15613.812,138054.0,145944.0,102.0,1313775.0,3.375813954368947e-05,0.02659530224515025,0.024020001660754815,-0.03333482684957779,-0.0046541937507889545,0.002463562896913807,0.0025497353456776835,0.0,0.01591561981738591
2007Q4,0,11255.473,10712.556,15767.146,15561.451,15664.299,138288.0,146271.0,102.0,1320922.0,-0.0003976534363850381,0.015732098314012146,0.02431172768075133,0.0013962574413954238,0.012913067249289973,0.0067742161793264526,0.008952316246467617,0.0,0.021701220384287873
2008Q1,1,11262.421,10697.867,15702.906,15555.262,15629.084,138326.0,146207.0,102.0,1305084.0,0.0024684369579130545,-0.005488542586814298,-0.01633046916555993,-0.0015911706565177946,-0.0090025459669177,0.0010990043957008302,-0.0017505590443449776,0.0,-0.04825028440210361
2008Q2,1,11141.591,10727.347,15792.773,15524.884,15658.829,137858.0,145926.0,100.0,1295895.0,-0.04314626203386202,0.011007598282738592,0.022826558241704334,-0.007819270777853358,0.007605495185627953,-0.013556192913135734,-0.007695127538856375,-0.07921050918471902,-0.028263321559371064
2008Q3,1,11072.336,10644.668,15709.562,15505.317,15607.439,137153.0,145270.0,97.0,1252918.0,-0.02494119094923699,-0.030948663457605982,-0.021131435120627692,-0.005044634443322588,-0.01314900678949924,-0.020508315503217307,-0.018022256067770484,-0.1218368299388343,-0.13490538117555792
2008Q4,1,11147.452,10548.872,15366.607,15152.318,15259.463,135563.0,144090.0,93.0,1193399.0,0.02704482550549333,-0.03616069893292555,-0.08829117233701014,-0.09211789523701955,-0.09019129748373324,-0.046642456356757775,-0.03262390215979767,-0.1684459414005074,-0.19467877068807415
2009Q1,1,10739.023,10522.083,15187.475,14897.489,15042.482,133291.0,141500.0,88.0,1149849.0,-0.1493073400473484,-0.010170973051305371,-0.046902813818947044,-0.06784339316838146,-0.057286014783043245,-0.06760707555941496,-0.07255354904620165,-0.22105071470019766,-0.14869963502926772
2009Q2,1,10580.552,10470.358,15161.772,14949.577,15055.674,131432.0,140304.0,85.0,1127156.0,-0.059466070472072294,-0.019711897126447588,-0.006775260327263634,0.013961319448883585,0.003506394436857134,-0.056180401688161755,-0.033952880185169995,-0.13874223195155994,-0.07973193336857025
2009Q3,0,10453.313,10540.769,15216.647,15010.534,15113.591,130460.0,139404.0,87.0,1143651.0,-0.048394549292164704,0.02680913349395549,0.014451064009895634,0.016276864692021723,0.01535790047226834,-0.029691764944343113,-0.025741218870647068,0.09302744865706873,0.05811252168087737
2009Q4,0,10473.072,10529.156,15379.155,15236.788,15307.972,129976.0,138368.0,88.0,1157463.0,0.007553719716804562,-0.004409318467319563,0.042491980624717436,0.05984218238145301,0.05111733289396498,-0.014867393362002785,-0.029837558970598768,0.0457147832944914,0.048019058161371406
2010Q1,0,10502.263,10590.177,15456.059,15324.504,15390.281,129787.0,138590.0,90.0,1169652.0,0.011133464650946062,0.02311480947173137,0.019952294659784906,0.02296139596850225,0.0214498713630714,-0.0058206914256785335,0.006412526016091314,0.0898914234082343,0.041902910579268836
2010Q2,0,10711.747,10685.145,15605.628,15472.751,15539.189,130420.0,139226.0,91.0,1193973.0,0.0790009279478076,0.035710343000818205,0.03852209469611379,0.0385094437888893,0.03851579752755738,0.019461467176106303,0.018314311949162557,0.04419934474633974,0.08232053192002098
2010Q3,0,10808.522,10761.376,15726.282,15708.056,15717.169,130394.0,139338.0,93.0,1210885.0,0.03597562924375748,0.028435873974332306,0.030806828283386732,0.060372899768231084,0.045554104196308065,-0.0007975032041569522,0.0032164962029576573,0.08695994654562328,0.056260382286668284
2010Q4,0,10878.976,10827.332,15807.995,15746.706,15777.351,130736.0,139155.0,93.0,1220256.0,0.025988889209683463,0.024441001362880205,0.020729996857518217,0.00982999507713996,0.015286995515493321,0.01047754591333831,-0.005256865381586111,0.0,0.030836702308637658
2011Q1,0,11132.105,10868.689,15769.911,15762.549,15766.23,131057.0,139428.0,93.0,1230689.0,0.09200462614041635,0.015249634978430121,-0.009648269512135488,0.004022437556229736,-0.0028204788697327745,0.00980928171100506,0.007839676861522937,0.0,0.034054009420864416
2011Q2,0,11130.615,10879.873,15876.839,15878.406,15877.622,131748.0,139531.0,94.0,1227270.0,-0.0005354242436592779,0.004113927527106099,0.027030493029328938,0.02929305206762013,0.028161542435183252,0.02103465588197115,0.002953839228866834,0.0427811564669918,-0.01112793892850073
2011Q3,0,11224.16,10912.991,15870.684,15913.303,15891.993,132153.0,139883.0,95.0,1241285.0,0.03347671216188317,0.012157383442321694,-0.0015509871625867463,0.00878141254142077,0.0036188039370839693,0.012277340910495777,0.010078240495132427,0.042328437322148034,0.045419771760225845
2011Q4,0,11253.904,10931.828,16048.702,16061.732,16055.217,132720.0,140699.0,96.0,1255213.0,0.01058597123324902,0.006898479559451936,0.04461736093190267,0.037136488801511755,0.04087378403876934,0.01712521445587842,0.0232659914192846,0.04188519946918175,0.04463258374763077
2012Q1,0,11499.563,11010.694,16179.968,16402.173,16291.07,133503.0,141826.0,97.0,1271113.0,0.08637577589127873,0.028753792151489956,0.032583839386151905,0.08389711108010121,0.05833304574827618,0.02352921446295182,0.03191238942516271,0.04145114814218663,0.05035046132011368
2012Q2,0,11609.344,11030.026,16253.726,16464.495,16359.11,133923.0,142165.0,97.0,1277388.0,0.03800502580646399,0.007016832465524724,0.018192963687577238,0.015169672738389796,0.01667129516398504,0.012564233704086651,0.00954960293857225,0.0,0.019697893564737255
2012Q3,0,11550.584,11052.368,16282.151,16340.697,16311.424,134332.0,142542.0,97.0,1278612.0,-0.02029717055476197,0.008094052709492306,0.0069892094150580866,-0.03018999862614331,-0.011676829981192955,0.012197358988213537,0.010593353035841108,0.0,0.0038309862083333794
2012Q4,0,11943.778,11096.365,16300.035,16564.033,16432.034,134860.0,143365.0,98.0,1291833.0,0.1338978994637237,0.015891494242923656,0.004391111583741,0.05429965349147889,0.029468004383756935,0.01569142254173582,0.02302853090450609,0.041026000668756245,0.04114810187392982
2013Q1,0,11502.482,11155.481,16441.485,16554.282,16497.884,135499.0,143323.0,99.0,1308070.0,-0.15059054062792385,0.021253477695166213,0.03456183586456669,-0.0023554339118440704,0.015997631764278545,0.018908227649144432,-0.0011720058126040516,0.04060948585607163,0.04996251353016226
2013Q2,0,11613.756,11172.647,16464.402,16661.877,16563.14,136079.0,143839.0,99.0,1311800.0,0.038509677732743657,0.006150449650615744,0.005571526749639398,0.025913983930871787,0.015790457003125764,0.01708535689369349,0.014375176530605225,0.0,0.011389885819572756
2013Q3,0,11638.595,11214.417,16594.743,16671.996,16633.37,136615.0,144336.0,99.0,1319202.0,0.008545891793279248,0.014926494504377188,0.031541451025781396,0.002428520756847403,0.01692469594576057,0.01572460531661952,0.013797185536864409,0.0,0.022507073819802166
2013Q4,0,11693.436,11304.3,16712.76,16777.389,16745.075,137240.0,144265.0,100.0,1340474.0,0.018803712713387634,0.03193200654922028,0.02834616426011388,0.025206645508368878,0.02677306675730568,0.018257868875794787,-0.0019681151883016897,0.040201343414006024,0.06398509770189245
2014Q1,0,11868.113,11347.636,16654.247,16862.923,16758.585,137748.0,145311.0,101.0,1339682.0,0.05931026022569003,0.015305023948771772,-0.014028962197155218,0.020340877771125872,0.003225916388179714,0.014778843524444061,0.028897548122178485,0.03980132341267237,-0.002364041564904095
2014Q2,0,12000.325,11453.014,16868.109,17106.519,16987.314,138544.0,145913.0,102.0,1354922.0,0.044314035877000724,0.036973946026356,0.05103815531116394,0.05736924984902134,0.054224663631292885,0.023048143336341115,0.016537122145488886,0.03940918577204656,0.04524646292967586
2014Q3,0,12144.222,11565.682,17064.616,17305.06,17184.838,139299.0,146569.0,103.0,1366084.0,0.04767907345603809,0.039157352703960834,0.04632912841923694,0.046157301429898316,0.0462426129667944,0.02173894921459992,0.017943014612906517,0.03902469978145862,0.03281745828104585
2014Q4,0,12331.556,11694.917,17141.235,17445.682,17293.458,140087.0,147482.0,103.0,1373660.0,0.0612320174593564,0.044448151931868456,0.017919537365972158,0.032372895534515035,0.025203185064884014,0.022563824659434455,0.02483930838990503,0.0,0.02212183126577793
2015Q1,0,12522.893,11772.949,17280.647,17552.649,17416.648,140772.0,148106.0,102.0,1381360.0,0.06158761513371926,0.02660055671904824,0.03240096222038083,0.024450842086233347,0.028393002832144718,0.019511608550518547,0.016888396740274935,-0.03902469978145874,0.022359242544867743
2015Q2,0,12563.171,11852.652,17380.875,17613.973,17497.424,141479.0,148715.0,101.0,1386666.0,0.012844752245330118,0.02698879147951251,0.023133035959053267,0.013950515272080272,0.018508558754334506,0.020038943455510876,0.01641395600876798,-0.03940918577204638,0.01533513485471245
2015Q3,0,12629.834,11943.043,17437.08,17634.811,17535.945,142128.0,148946.0,101.0,1392883.0,0.02116878255298986,0.03038917241853099,0.012914037902570823,0.004729355186266445,0.00879641704436768,0.018307055407535317,0.006208406109597986,0.0,0.017893580195919887
2015Q4,0,12712.576,12003.146,17462.579,17656.165,17559.372,142826.0,149612.0,99.0,1397233.0,0.02611978703244276,0.020079395919127607,0.005845101131191471,0.004840671475016782,0.005340200455715077,0.019596184536098217,0.017845808310677884,-0.08000266682667817,0.012472609811323768
2016Q1,0,12747.356,12091.178,17565.465,17760.49,17662.977,143425.0,150937.0,99.0,1403522.0,0.010928551304797205,0.0292292547303072,0.02349803965797778,0.02356525239072105,0.02353171818360472,0.016740577306260086,0.03526901993939357,0.0,0.01796375782955811
2016Q2,0,12726.723,12152.627,17618.581,17673.635,17646.108,143970.0,151143.0,98.0,1403794.0,-0.006479686119211697,0.020277058519528497,0.012077301252252447,-0.019609384783458764,-0.003822019468005939,0.015170776201316594,0.0054555093202538095,-0.040609485856071846,0.0007751175880477846
2016Q3,0,12803.928,12223.822,17724.489,17781.323,17752.906,144713.0,151698.0,99.0,1413173.0,0.02419217131246799,0.02336524156947828,0.023972635540647238,0.02429862275472712,0.024135886729993308,0.020590104456632036,0.014661175239544745,0.04060948585607163,0.026635838209651954
2016Q4,0,12879.816,12283.076,17812.56,17860.249,17836.404,145222.0,151968.0,99.0,1426141.0,0.023637744043242558,0.01934283660597362,0.019826335114902095,0.01771552141661046,0.01876926598547772,0.01404454165011047,0.007113080059025165,0.0,0.036538657360088246
2017Q1,0,13006.061,12369.907,17889.094,18000.262,17944.678,145820.0,152566.0,99.0,1438839.0,0.03901617887636865,0.02817715294261534,0.017149707907087593,0.031235184901219484,0.024208173577576268,0.016437513253338445,0.015709267763076618,0.0,0.03545737323684285
2017Q2,0,13146.047,12419.407,17979.218,18135.159,18057.188,146383.0,153214.0,100.0,1436360.0,0.0428225019521233,0.015974646427401998,0.02010112762748575,0.029864907708604536,0.025001007730604666,0.015413960751492475,0.016953390543099387,0.040201343414006024,-0.0068976112311918
2017Q3,0,13239.037,12493.466,18127.994,18226.03,18177.012,146893.0,153786.0,100.0,1455068.0,0.02819483463052183,0.023781831394843994,0.032963351912014736,0.019993007199438056,0.026455544605485767,0.013911824058905828,0.014905554707436429,0.0,0.051761997363215635
2017Q4,0,13352.231,12630.132,18310.3,18373.661,18341.98,147348.0,153773.0,101.0,1481492.0,0.03405469305661275,0.04351839988667865,0.04002547894259717,0.03226951849039696,0.0361388117473434,0.012370821541968474,-0.00033814650217339857,0.03980132341267237,0.07198821263128836
2018Q1,0,13400.012,12713.156,18437.127,18534.925,18486.026,148003.0,154945.0,102.0,1476070.0,0.014288461960264565,0.026207900729197486,0.027610641381517694,0.03495447400161835,0.03129069427532781,0.017741631450280737,0.03037090497938672,0.03940918577204656,-0.014666150225676224
2018Q2,0,13484.845,12805.609,18565.697,18579.443,18572.57,148716.0,155575.0,103.0,1480238.0,0.02524343917562938,0.02898366108449349,0.02779690921007518,0.009595857076202984,0.018682662954759115,0.01922361216716497,0.016230860863455338,0.03902469978145862,0.01127894052071508
2018Q3,0,13644.053,12887.074,18699.748,18819.824,18759.786,149218.0,155888.0,104.0,1488655.0,0.046949147069784085,0.025366061771957313,0.028777668577869567,0.051420111580789955,0.04011910085400313,0.013479508214899655,0.00803948091081507,0.03864764364694756,0.022680568281557643
2018Q4,0,13781.847,12943.375,18733.741,18914.653,18824.197,149651.0,156643.0,104.0,1488912.0,0.04019416958612865,0.017437122880469082,0.007264726906727842,0.020104521312040848,0.013710321880469044,0.011590370442091687,0.019326120447729134,0.0,0.0006904966387339909
2019Q1,0,13957.458,12955.727,18835.411,19007.211,18921.311,150175.0,156731.0,103.0,1494608.0,0.05064679050495653,0.0038154221521747144,0.02164972969246475,0.01952608316909072,0.020582944977042997,0.013981456804959524,0.0022465170004692513,-0.038647643646947435,0.015273252856782184
2019Q2,0,13986.299,13038.854,18962.175,19065.218,19013.697,150663.0,156887.0,103.0,1485677.0,0.008256874046235686,0.025582957728708573,0.02683017381502415,0.012188777319106432,0.01948304482223295,0.012977095394313158,0.003979363757595406,0.0,-0.02397361791670742
2019Q3,0,14066.384,13148.857,19130.932,19139.557,19135.245,151103.0,157870.0,103.0,1497136.0,0.022838519242748843,0.033604661971833275,0.035441184468101225,0.015566450805129717,0.025489233499806984,0.011664675591412916,0.024984434236805398,0.0,0.03073355620467303
2019Q4,0,14177.984,13225.609,19215.691,19308.703,19262.197,151624.0,158650.0,102.0,1485881.0,0.0316100061520318,0.023280764558260083,0.01768273321655442,0.03519474560945241,0.026450191674616957,0.013768194165369396,0.01971443394227649,-0.03902469978145874,-0.030184349356762737
2020Q1,1,14261.712,13016.75,18989.877,19291.416,19140.647,151804.0,157581.0,100.0,1465490.0,0.023552499830972785,-0.06367214475089644,-0.04728454859447101,-0.003582787121613157,-0.02532112588336226,0.004745772205985372,-0.027043624995221904,-0.07921050918471902,-0.05527281919756761
2020Q2,1,13513.448,11817.147,17378.712,17605.067,17491.889,133702.0,137554.0,88.0,1359578.0,-0.21557250445903564,-0.38674150944293106,-0.35464015515688796,-0.36589388718629234,-0.36030760493508474,-0.5079070888654164,-0.5436921779928657,-0.5113334860395395,-0.30006120022682703
2020Q3,0,14040.381,12922.381,18743.72,18571.262,18657.491,140541.0,146202.0,96.0,1510778.0,0.15300878886156438,0.35763662806481356,0.30245101623840404,0.21371429516998178,0.258041759484281,0.19954327316631307,0.24389063932195018,0.3480455079585188,0.4218015697978236
2020Q4,0,14335.295,13046.614,18924.262,19323.984,19124.123,142566.0,149914.0,97.0,1526806.0,0.08314857257769284,0.03827146879778957,0.03834415818307587,0.1589267463064688,0.09881117923388787,0.05722315691284553,0.1002902769273975,0.04145114814218663,0.04221288696167415
2021Q1,0,14219.908,13386.763,19216.224,19417.553,19316.889,143614.0,150276.0,98.0,1557010.0,-0.032326894131057146,0.10295098561577974,0.06124047878426541,0.019321728394540605,0.04011707408695254,0.029296378077069054,0.009647228101505,0.041026000668756245,0.07835737507923037
2021Q2,0,14401.838,13773.688,19544.248,19564.82,19554.534,145166.0,151446.0,100.0,1556117.0,0.05085153092971264,0.1139748903567958,0.06770440387647772,0.030222418853211065,0.048909546909298274,0.04299508117280591,0.03102208959072433,0.08081082927007788,-0.0022947988295827994
2021Q3,0,14491.631,13874.396,19672.594,19784.132,19728.363,147186.0,153287.0,101.0,1554756.0,0.02486189223570238,0.029140086638529062,0.02618190587192814,0.044588586949018884,0.035400675179725866,0.05527671153842099,0.0483314218826987,0.03980132341267237,-0.003499982382652877
2021Q4,0,14589.595,13981.514,20006.181,20108.233,20057.207,149158.0,155337.0,102.0,1561165.0,0.026949172103726573,0.03076360542567162,0.06725910459419947,0.0649965237439941,0.06612477616386671,0.05323621489693361,0.05313987636360866,0.03940918577204656,0.01645486913978434
2022Q1,0,14507.513,14028.383,19924.088,20147.177,20035.632,150847.0,157680.0,103.0,1570846.0,-0.022567800960383844,0.013386423732582173,-0.01644729529126203,0.007739384524827683,-0.00430500859917805,0.045039725207225934,0.05988285006124504,0.03902469978145862,0.024727961253133323
2022Q2,0,14453.732,14099.456,19895.271,20107.48,20001.376,152044.0,158113.0,104.0,1543149.0,-0.014856008246993457,0.020214322546182138,-0.005789546743993299,-0.007889176721741335,-0.006844868799230694,0.031615498156075277,0.010969217718063728,0.03864764364694756,-0.07115677552886504
2022Q3,0,14610.157,14178.562,20054.663,20244.635,20149.649,153331.0,158605.0,104.0,1563047.0,0.04305728264200906,0.022379561779233552,0.03191851996875742,0.0271917401469723,0.029543190795019828,0.03371612266750935,0.01242746912414255,0.0,0.05124795005177829
